{
  "student_mse": 3.3047449588775635,
  "student_mae": 1.4324628114700317,
  "student_r2": 0.023325405016532352,
  "student_rmse": 1.8178957502776565,
  "teacher_mse": 1.0908970063444092,
  "teacher_mae": 0.7960909333227687,
  "teacher_r2": 0.6775994880603537,
  "teacher_rmse": 1.04446015067326,
  "mse_ratio": 3.02938310368249,
  "mae_ratio": 1.799370840076194,
  "r2_ratio": 0.03442358713006401
}