{
  "single_step_kd": {
    "student_mse": 3.3047449588775635,
    "student_mae": 1.4324628114700317,
    "student_r2": 0.023325405016532352,
    "student_rmse": 1.8178957502776565,
    "teacher_mse": 1.0908970063444092,
    "teacher_mae": 0.7960909333227687,
    "teacher_r2": 0.6775994880603537,
    "teacher_rmse": 1.04446015067326,
    "mse_ratio": 3.02938310368249,
    "mae_ratio": 1.799370840076194,
    "r2_ratio": 0.03442358713006401
  },
  "probabilistic_prediction": {
    "mean_pred": 0.06882981210947037,
    "std_pred": 1.0343698263168335,
    "quantiles": {
      "0.1": -1.2516196966171265,
      "0.25": -0.6254872679710388,
      "0.5": 0.07012007385492325,
      "0.75": 0.7650596499443054,
      "0.9": 1.396378517150879
    }
  }
}