{
  "student_mse": 3.286109685897827,
  "student_mae": 1.4241045713424683,
  "student_r2": 0.02883282931018949,
  "student_rmse": 1.8127629977186281,
  "teacher_mse": 1.0908970063444092,
  "teacher_mae": 0.7960909333227687,
  "teacher_r2": 0.6775994880603537,
  "teacher_rmse": 1.04446015067326,
  "mse_ratio": 3.0123005808857846,
  "mae_ratio": 1.7888717378031944,
  "r2_ratio": 0.042551433137478036
}