{
  "train_loss": [
    1.6121840476989746,
    1.3110684490203857,
    1.2941233491897584,
    1.2795028352737428,
    1.280198245048523,
    1.269973349571228,
    1.2696020364761353,
    1.2699407577514648,
    1.2717240524291993,
    1.2634023809432984,
    1.2625645399093628,
    1.2612146854400634,
    1.2593479347229004,
    1.2558617305755615,
    1.251696228981018,
    1.2538694381713866,
    1.2501549768447875,
    1.2527787637710572,
    1.2557820177078247,
    1.254227604866028,
    1.249961862564087,
    1.2460138320922851
  ],
  "val_loss": [
    2.91623592376709,
    2.7610418796539307,
    2.7118537425994873,
    2.681096315383911,
    2.650616407394409,
    2.648070812225342,
    2.6390676498413086,
    2.617344379425049,
    2.6128897666931152,
    2.6317343711853027,
    2.6243669986724854,
    2.607034683227539,
    2.6117801666259766,
    2.630791187286377,
    2.633882761001587,
    2.641953468322754,
    2.64137601852417,
    2.648841381072998,
    2.639127731323242,
    2.643486976623535,
    2.633188486099243,
    2.625687599182129
  ],
  "train_metrics": [],
  "val_metrics": []
}