{
  "train_loss": [
    1.5876258850097655,
    1.3104890918731689,
    1.2937680959701539,
    1.2777644491195679,
    1.2843089962005616,
    1.2762472772598266,
    1.2769950008392335,
    1.2683087730407714,
    1.2646505880355834,
    1.2619648885726928,
    1.2601363563537598,
    1.2588752508163452,
    1.2563625812530517,
    1.2585742235183717,
    1.2583438014984132,
    1.2527344465255736,
    1.2555908346176148,
    1.2517915630340577,
    1.2573250341415405,
    1.25197669506073,
    1.2534233188629151
  ],
  "val_loss": [
    2.7991042137145996,
    2.742342472076416,
    2.6775014400482178,
    2.6648004055023193,
    2.6544880867004395,
    2.64825439453125,
    2.6393094062805176,
    2.632920980453491,
    2.6359663009643555,
    2.629382610321045,
    2.620615005493164,
    2.6334712505340576,
    2.633942127227783,
    2.6404991149902344,
    2.6272735595703125,
    2.629634380340576,
    2.6221768856048584,
    2.6233391761779785,
    2.6353254318237305,
    2.6364574432373047,
    2.6395626068115234
  ],
  "train_metrics": [],
  "val_metrics": []
}