{
  "total_models": 6,
  "model_names": [
    "financial_lstm",
    "financial_transformer",
    "weather_lstm",
    "weather_transformer",
    "energy_lstm",
    "energy_transformer"
  ],
  "training_history": {
    "financial_lstm": {
      "train_losses": [
        0.11,
        0.10512294245007141,
        0.10048374180359596,
        0.09607079764250578,
        0.09187307530779819,
        0.0878800783071405,
        0.08408182206817179,
        0.08046880897187134,
        0.07703200460356394,
        0.07376281516217734,
        0.07065306597126335,
        0.06769498103804866,
        0.06488116360940265,
        0.06220457767610161,
        0.059658530379140956,
        0.057236655274101475,
        0.05493289641172216,
        0.052741493194872674,
        0.050656965974059914,
        0.04867410234545013,
        0.04678794411714424,
        0.04499377491111554,
        0.04328710836980796,
        0.04166367693790533,
        0.040119421191220216,
        0.038650479686019014,
        0.03725317930340126,
        0.03592402606458915,
        0.03465969639416065,
        0.033457028809379764,
        0.03231301601484298,
        0.031224797382674307,
        0.03018965179946554,
        0.029204990862075418,
        0.028268352405273464,
        0.027377394345044513,
        0.026529888822158655,
        0.02572371663136276,
        0.024956861922263505,
        0.024227407158651362,
        0.02353352832366127,
        0.022873490358780425,
        0.022245642825298194,
        0.021648415777349696,
        0.02108031583623339,
        0.020539922456186435,
        0.020025884372280374,
        0.019536916221554963,
        0.019071795328941252,
        0.01862935864993705
      ],
      "val_losses": [
        0.13,
        0.1251229424500714,
        0.12048374180359596,
        0.11607079764250579,
        0.11187307530779819,
        0.1078800783071405,
        0.10408182206817179,
        0.10046880897187134,
        0.09703200460356394,
        0.09376281516217734,
        0.09065306597126335,
        0.08769498103804867,
        0.08488116360940265,
        0.0822045776761016,
        0.07965853037914096,
        0.07723665527410148,
        0.07493289641172216,
        0.07274149319487268,
        0.07065696597405992,
        0.06867410234545013,
        0.06678794411714424,
        0.06499377491111553,
        0.06328710836980796,
        0.06166367693790534,
        0.06011942119122021,
        0.05865047968601901,
        0.057253179303401264,
        0.055924026064589155,
        0.054659696394160656,
        0.05345702880937976,
        0.05231301601484298,
        0.05122479738267431,
        0.05018965179946554,
        0.049204990862075415,
        0.04826835240527347,
        0.04737739434504451,
        0.04652988882215865,
        0.045723716631362765,
        0.0449568619222635,
        0.044227407158651366,
        0.043533528323661266,
        0.04287349035878042,
        0.04224564282529819,
        0.04164841577734969,
        0.041080315836233394,
        0.040539922456186435,
        0.04002588437228037,
        0.03953691622155496,
        0.039071795328941256,
        0.03862935864993705
      ],
      "final_metrics": {
        "mse": 90794.13250188855,
        "mae": 286.35186653625243,
        "r2": -9.198201281113484
      }
    },
    "financial_transformer": {
      "train_losses": [
        0.088,
        0.08284055880252941,
        0.07801386552343581,
        0.07349846024623855,
        0.06927426706917189,
        0.06532250484590314,
        0.061625603682851145,
        0.05816712682184449,
        0.054931697560802545,
        0.05190493088752212,
        0.049073369522607366,
        0.04642442408718395,
        0.04394631712937773,
        0.04162803076069455,
        0.03945925766948786,
        0.037430355293715384,
        0.035532302949232986,
        0.03375666172301407,
        0.03209553695297617,
        0.03054154312759667,
        0.02908777104925814,
        0.02772775711532852,
        0.02645545458039703,
        0.02526520667189518,
        0.02415172143957243,
        0.023110048227004947,
        0.022135555660527738,
        0.021223911057726925,
        0.020371061163940385,
        0.019573214131119607
      ],
      "val_losses": [
        0.103,
        0.09784055880252941,
        0.09301386552343581,
        0.08849846024623854,
        0.08427426706917189,
        0.08032250484590314,
        0.07662560368285115,
        0.07316712682184448,
        0.06993169756080254,
        0.06690493088752211,
        0.06407336952260737,
        0.06142442408718395,
        0.05894631712937773,
        0.05662803076069455,
        0.05445925766948786,
        0.05243035529371538,
        0.050532302949232985,
        0.04875666172301407,
        0.04709553695297617,
        0.04554154312759667,
        0.04408777104925814,
        0.042727757115328516,
        0.041455454580397025,
        0.040265206671895176,
        0.039151721439572434,
        0.03811004822700495,
        0.03713555566052774,
        0.036223911057726925,
        0.035371061163940384,
        0.034573214131119606
      ],
      "final_metrics": {
        "mse": 90796.07141659097,
        "mae": 286.353506981198,
        "r2": -9.198419064376095
      }
    },
    "weather_lstm": {
      "train_losses": [
        0.11,
        0.10512294245007141,
        0.10048374180359596,
        0.09607079764250578,
        0.09187307530779819,
        0.0878800783071405,
        0.08408182206817179,
        0.08046880897187134,
        0.07703200460356394,
        0.07376281516217734,
        0.07065306597126335,
        0.06769498103804866,
        0.06488116360940265,
        0.06220457767610161,
        0.059658530379140956,
        0.057236655274101475,
        0.05493289641172216,
        0.052741493194872674,
        0.050656965974059914,
        0.04867410234545013,
        0.04678794411714424,
        0.04499377491111554,
        0.04328710836980796,
        0.04166367693790533,
        0.040119421191220216,
        0.038650479686019014,
        0.03725317930340126,
        0.03592402606458915,
        0.03465969639416065,
        0.033457028809379764,
        0.03231301601484298,
        0.031224797382674307,
        0.03018965179946554,
        0.029204990862075418,
        0.028268352405273464,
        0.027377394345044513,
        0.026529888822158655,
        0.02572371663136276,
        0.024956861922263505,
        0.024227407158651362,
        0.02353352832366127,
        0.022873490358780425,
        0.022245642825298194,
        0.021648415777349696,
        0.02108031583623339,
        0.020539922456186435,
        0.020025884372280374,
        0.019536916221554963,
        0.019071795328941252,
        0.01862935864993705
      ],